fname,lname,gender,areacode,phone,city,state,zip,maritalstatus,haschild,salary,rate,singleexemp,marriedexemp,childexemp,index
Abdelillah,Baba,M,402,858-9650,BRISTOW,NE,68719,M,Y,35000,6.84,0,206,103,451
Abdullah,Yanover,M,401,244-1155,JOHNSTON,RI,2919,M,Y,25000,0,0,0,0,783
Adamantios,Leger,M,207,510-7474,JEFFERSON,ME,4348,S,N,65000,8.5,2850,0,0,1174
Adel,Rosendahl,F,307,278-5988,GUERNSEY,WY,82214,S,N,5000,0,0,0,0,1299
Adit,Vaisey,F,319,436-4301,BALDWIN,IA,52207,M,***,80000,8.98,0,80,0,1571
Adrain,Bolloju,M,612,481-5395,PARK RAPIDS,MN,56470,M,Y,90000,7.85,0,6600,3300,1750
Agatha,Campagnoni,M,970,690-8278,BOULDER,CO,80329,M,Y,70000,4.63,0,0,0,2160
Agnar,Devitt,F,262,730-2653,BURNETT,WI,53922,S,Y,75000,5.7495394,700,0,400,2297
Aharon,Dekeyser,F,203,806-6918,SALEM,CT,6420,M,N,40000,5,0,24500,0,2469
Ajit,Businaro,M,360,160-9451,TACOMA,WA,98447,M,Y,60000,0,0,0,0,3256
Akiro,Poesio,M,757,153-4752,STERLING,VA,20165,S,N,90000,5.75,900,0,0,3953
Alan,Zervos,M,360,413-6127,REDMOND,WA,98052,S,N,65000,0,0,0,0,4298
Alejandro,Kronert,F,501,189-7347,ATKINS,AR,72823,S,N,30000,7,20,0,0,4617
Alessio,Tontiwachwuthikul,M,919,631-6020,HASSELL,NC,27841,S,N,70000,7.201049,3300,0,0,4920
Alfredo,Backhouse,F,775,651-8810,LAS VEGAS,NV,89110,M,Y,45000,0,0,0,0,5254
Alfs,Jeong,M,603,209-9250,BERLIN,NH,3570,S,Y,45000,0,0,0,0,5300
Amel,Seggelke,M,802,619-2106,RICHMOND,VT,5477,S,N,20000,3.6,3300,0,0,6776
Angel,Scheifler,F,605,809-8708,HUMBOLDT,SD,57035,M,N,55000,0,0,0,0,8432
Angel,Sulzmann,F,848,498-1488,EAST ORANGE,NJ,7019,S,N,20000,1.4,1000,0,0,8433
Angotti,Cesarini,M,603,129-9320,EAST CANDIA,NH,3040,S,N,45000,0,0,0,0,8543
Anindya,Braham,F,712,987-7367,CENTER POINT,IA,52213,M,N,15000,2.479763,0,80,0,8688
Aniruddha,Simovich,M,406,910-5245,WORDEN,MT,59088,M,Y,35000,6.9,0,3800,1900,8704
Anjaneyulu,Lauchli,M,818,447-9412,PALMDALE,CA,93552,M,Y,45000,9.3,0,174,272,8867
Anneliese,Luth,M,918,755-2603,MARIETTA,OK,73448,S,N,30000,6.25,1000,0,0,9143
Annette,iNtto,F,860,269-5464,JEWETT CITY,CT,6351,M,N,70000,5,0,24500,0,9185
Anshu,Tabor,F,304,941-2311,HUNTINGTON,WV,25771,M,N,65000,6.5,0,4000,,9492
April,Flege,F,207,738-8519,DOVER FOXCROFT,ME,4426,M,Y,75000,8.5,0,5700,2850,10383
Arcot,Wotawa,M,951,513-5331,ARTESIA,CA,90701,S,Y,40000,8.951314,87,0,272,10639
Arjun,Herbster,M,336,246-3267,BISCOE,NC,27209,M,Y,45000,6.6765733,0,6600,3300,11187
Arturo,Benzaken,F,334,925-3216,BROOKLYN,AL,36429,S,Y,60000,5,1500,0,300,11821
Arunprasad,Desmedt,M,505,127-8727,GAMERCO,NM,87317,M,Y,75000,5.3,0,6600,3300,12011
Ashwani,McCallien,F,307,840-4957,ROBERTSON,WY,82944,M,N,90000,0,0,0,0,12670
Aske,Gorz,M,406,871-8128,BILLINGS,MT,59106,M,N,15000,6.9,0,3800,0,12825
Aspassia,Ikeo,F,202,201-9302,WASHINGTON,DC,20217,M,Y,70000,9,0,2740,1370,12914
Atanas,Miculan,M,303,487-1824,EDWARDS,CO,81632,S,N,75000,4.63,0,0,0,13133
Atanas,Vershinin,M,202,790-1612,WASHINGTON,DC,20071,S,Y,75000,0,1370,0,1370,13140
Atsuyoshi,Setliff,F,860,834-2851,GAYLORDSVILLE,CT,6755,S,N,35000,5,12750,0,0,13607
Attahiru,Piancastelli,M,701,740-1813,NECHE,ND,58265,M,N,5000,2.1,0,6600,0,13660
Atushi,Favre,F,920,322-2692,BUTTERNUT,WI,54514,M,***,85000,5.9232907,0,1400,400,13757
Aude,Validov,M,918,107-7058,RENTIESVILLE,OK,74459,S,N,40000,6.25,1000,0,0,13782
Avadis,Hilgefolrt,M,913,481-9601,TORONTO,SK,66777,S,N,75000,6.45,2250,0,0,14103
Avideh,Drewnowski,F,302,562-8750,MIDDLETOWN,DE,19709,M,Y,80000,5.95,0,220,110,14229
Aviezri,Womann,M,308,217-2016,STRANG,NE,68444,M,Y,90000,6.84,0,206,103,14270
Azad,Osterweil,F,505,486-5187,CLAUNCH,NM,87011,M,Y,15000,4.957143,0,6600,3300,14878
Bakul,Bies,F,252,258-3871,GREENSBORO,NC,27401,S,Y,70000,7.201049,3300,0,3300,15420
Batya,Bashkow,F,636,733-1428,COLUMBIA,MO,65217,***,Y,20000,6,2100,0,1200,16757
Berlinda,Glanzel,M,580,209-1480,PAULS VALLEY,OK,73075,M,Y,85000,6.25,0,2000,1000,17952
Berthe,Beetem,M,580,937-8329,TUSSY,K,73488,M,Y,85000,6.25,0,2000,1000,18315
Berthold,Ackley,M,706,383-5274,KENNESAW,GA,30152,M,N,40000,6,0,5400,0,18354
Betty,Shanawa,M,316,952-8210,BURR OAK,KS,66936,S,N,25000,5.4666667,2250,0,0,18667
Bhanu,Baumann,M,843,446-5978,BATESBURG,SC,29006,S,N,60000,7,3300,0,0,18845
Bhaskaram,Drach,,406,845-5348,WISE RIVER,MT,59762,S,N,35000,6.9,1900,0,0,18949
Blair,Leifker,M,205,355-9089,LESTER,AL,35647,S,Y,30000,5,1500,0,300,20134
Bob,Nepomniaschy,F,505,532-8502,ALBUQUERQUE,NM,87125,M,N,90000,5.3,0,6600,0,20236
Boban,Simec,***,857,938-1035,WELLESLEY,MA,2482,S,N,70000,5.3,3575,0,0,20265
Bodhi,Ducloy,M,502,630-2481,GLENCOE,KY,41046,S,N,80000,6,20,0,0,20342
Bostwick,Mistelberger,M,913,333-3802,HOLLENBERG,KS,66946,gS,N,15000,3.5,2250,0,0,21175
Branson,Bux,M,610,696-1678,CENTER VALLEY,PA,18034,S,N,10000,3.07,0,0,0,21903
Bud,Renegar,F,651,534-1715,SAUK CENTRE,MN,56378,M,N,90000,7.85,0,6600,0,22612
Bui,Bochicchio,M,505,484-8469,KIRTLAND AFB,NM,87117,M,N,80000,5.3,0,6600,0,22686
Burke,Meddes,F,803,526-7884,HONEA PATH,SC,29654,M,N,90000,7,0,6600,0,22760
Burkhart,Bergen,F,435,557-9737,LYMAN,UT,84749,S,N,40000,7,2475,0,0,22808
Burzin,Skogmar,M,801,629-2955,BOULDER,UT,84716,M,Y,70000,7,0,4950,2475,22852
Byoung,Barthes,F,860,611-2352,DEEP RIVER,CT,6417,S,Y,70000,5,12750,0,0,22938
Calum,Kleyle,M,918,738-5631,TULSA,OK,74107,S,N,100000,6.25,1000,0,0,23124
Camilo,Grigsby,F,563,182-4912,FERGUSON,IA,50078,S,Y,65000,8.98,40,0,40,23207
Candido,iRos,F,916,214-8602,SAN DIEGO,CA,92121,S,Y,100000,9.3,87,0,272,23341
Carmelita,Ballinger,M,406,858-2398,HAMILTON,MT,59840,M,N,70000,6.9,0,3800,0,23863
Carron,Acevedo,F,401,623-3742,WAKEFIELD,RI,2879,M,N,5000,0,0,0,0,24143
Case,Bann,M,401,803-3818,PROVIDENCE,RI,2901,S,N,5000,0,0,0,0,24319
Catharine,Gauyacq,M,417,249-9249,SAINT CHARLES,MO,63303,M,N,5000,3.75,0,4200,0,24510
Cathryne,Halverson,F,831,825-4389,SANTA ROSA,CA,95403,S,N,25000,5.410157,87,0,0,24656
Ceon,Muhling,M,479,875-9317,BLYTHEVILLE,AR,72315,S,N,100000,7,20,0,0,25058
Chakravarthy,Dahlbom,F,256,241-3473,THORSBY,AL,35171,M,N,5000,5,0,3000,0,25436
Chandrabose,Masullo,F,402,825-5007,KEARNEY,NE,68845,M,N,75000,6.84,0,206,0,25601
Chandrajit,Rummell,M,605,410-5676,TOLSTOY,SD,57475,S,Y,45000,0,0,0,0,25622
Channah,Demichelis,M,520,343-3402,MORMON LAKE,AZ,86038,S,Y,85000,4.0325,2100,0,2300,26207
Chaoying,Rando,M,314,409-1569,DUDLEY,MO,63936,M,N,20000,6,0,4200,0,26330
Charley,Dondina,M,225,242-9508,HOSSTON,LA,71043,M,N,50000,6,0,9000,0,26448
Chengwen,Altepeter,M,302,630-8735,CLAYTON,DE,19938,S,Y,70000,5.95,110,0,110,26928
Chenming,Bann,F,716,491-5682,MONSEY,NY,10952,S,Y,70000,4.359146,0,0,1000,27041
Chiaki,Tsatalos,M,918,525-2403,GOULD,OK,73544,S,Y,45000,6.25,1000,0,1000,27334
Chokchai,Suter,F,435,689-8606,WpALLSBURG,UT,84082,M,N,65000,7,0,4950,0,28161
Christiaan,Fokkink,F,847,179-8738,SHELBYVILLE,IL,62565,M,Y,30000,3,0,4000,2000,28532
Christodoulakis,Suhnel,F,907,756-4083,ALEKNAGIK,AK,99555,M,Y,35000,0,0,0,0,28681
Cis,Tzannes,M,914,686-5168,GUILDERLAND CENTER,NY,12085,M,N,20000,4.0695124,0,0,0,29458
Claudionor,Pellegrinelli,F,808,411-5781,HONOLULU,HI,96830,S,N,50000,8.25,1040,0,0,29779
Congxiao,Felciano,M,605,636-1318,PARKSTON,SD,57366,M,N,70000,0,0,0,0,30455
Constantino,Bugaenko,M,606,246-9967,SMITHLAND,KY,42081,M,Y,65000,5.4444447,0,40,20,30633
Corine,Mohrherr,M,248,366-5289,SAMARIA,MI,48177,S,N,75000,3.9,3100,0,0,30820
Corine,Plantinga,M,769,414-3678,GREENVlILLE,MS,38701,M,N,65000,5,0,12000,0,30834
Cui,Nozick,M,423,847-5739,TURTLETOWN,TN,37391,M,Y,80000,0,0,0,0,31481
Curtis,Messick,F,912,636-5997,LITHIA SPRINGS,GA,30122,M,N,5000,4.4,0,5400,0,31656
Czarek,Schmezko,M,314,582-5021,MARIONVILLE,MO,65705,M,N,90000,6,0,4200,0,31774
Daeshik,Fouet,M,623,705-5970,FOUNTAIN HILLS,AZ,85269,S,Y,85000,4.0325,2100,0,2300,31894
Dainis,Ndumu,F,612,659-3449,MADISON,MN,56256,S,Y,40000,6.3900213,3300,0,3300,32085
Dammmian,Ossenbruggen,F,309,308-2467,BERKELEY,IL,60163,S,Y,5000,3,2000,0,2000,32402
Danijela,Marsden,M,205,231-6543,MOBILE,AL,36630,M,Y,25000,5,0,3000,300,32715
Dannie,Bui,F,907,924-2655,STERLING,AK,99672,S,Y,20000,0,0,0,0,32793
Darryl,d''Argence,F,410,540-2771,FUTON,MD,20759,M,N,30000,4.75,0,4800,0,33277
Dayun,Garrard,F,769,320-5787,JACKSON,MS,39210,M,N,35000,h5.0,0,12000,0,33667
Debashish,McNeese,F,702,652-3743,NORTH LAS VEGAS,NV,89087,S,N,45000,0,0,,0,33847
Demetrios,Paradis,F,603,539-9769,LONDONDERRY,NH,3053,S,N,30000,0,0,0,0,34586
Demetrios,Ishisone,F,207,261-7934,BOOTHBAY,ME,4537,S,Y,40000,8.5,2850,0,2850,34587
Detlef,Trevillyan,F,207,837-1457,SEBAGO,ME,4029,S,Y,50000,8.5,2850,0,2850,35127
Devika,Abbadi,M,701,921-8242,EGELAND,ND,58331,M,Y,70000,2.5671675,0,6600,3300,35267
Devina,d''Alcantara,F,802,876-5446,QUECHEE,VT,5059,S,Y,45000,3.9004214,3300,0,3300,35328
Dharini,Yuzhang,F,918,958-6101,OKLAHOMA CITY,OK,73129,S,N,75000,6.25,1000,0,0,35520
Didar,Wansing,F,401,473-5235,PAWTUCKET,RI,2861,S,Y,40000,0,0,0,0,35863
Dietrich,Verlind,F,231,113-7811,SIDNEY,MI,48885,S,N,30000,3.9,3100,0,0,36047
Dihua,Leask,M,512,780-2551,POST,TX,79356,S,Y,65000,0,0,0,0,36073
Dingchao,Plummer,F,201,696-3754,TENAFLY,NJ,7670,M,Y,55000,1.9519792,0,2000,1500,36371
Dinkar,Streett,M,207,364-4369,SULLIVAN,ME,4664,M,Y,75000,8.5,0,5700,2850,36408
Dirk,MacRobert,F,828,561-2043,ROCKY MOUNT,NC,27802,S,Y,75000,7.305944,3300,0,3300,36716
Dominique,Leherte,M,901,361-5801,SWEETWATER,TN,37874,S,N,100000,0,0,0,0,37334
Donall,Kopetz,M,925,787-6606,PASADENA,CA,91105,M,Y,60000,9.3,0,174,272,37392
Donanld,Hutton,F,337,977-7678,NEW ORLEANS,LA,70177,M,N,50000,6,0,9000,0,37403
Dong,Denti,M,601,578-6276,NESBIT,MS,38651,S,N,40000,5,6000,0,0,37461
Dora,Agrafiotis,M,240,537-5413,COCKEYSVILLE,MD,21030,S,N,100000,4.75,2400,0,0,38092
Doug,Calabrese,F,469,435-5878,EL PASO,TX,88530,S,N,25000,0,0,0,0,38314
Dunren,Amlani,F,361,898-5962,ANTON,TX,79313,M,Y,60000,0,0,0,0,38833
Efstathios,Vandenbroeck,F,307,347-9102,BEDFORD,WY,83112,M,Y,60000,0,0,0,0,40220
Eiju,Blanquart,F,202,564-5452,WASHINGTON,DC,20409,S,N,15000,5.625,1370,0,0,40636
Eilon,Davisson,M,262,479-6622,CABLE,WI,54821,S,Y,60000,5.488912,700,0,400,40739
Eleanna,Cheriyan,F,787,964-6942,ANGELES,PR,611,M,Y,80000,0,0,0,0,41279
Eleanor,Rudaz,M,717,706-5921,LIBERTY,PA,16930,M,Y,75000,3.07,0,0,0,41297
Elif,Bandat,F,404,692-6521,ODUM,GA,31555,S,Y,15000,6,2700,0,3000,41634
Eliot,Gitler,M,719,630-7138,PUEBLO,CO,81011,M,N,45000,4.63,0,0,0,41705
Elmar,Zaroliagis,F,414,586-5791,BRISTOL,WI,53104,S,N,50000,5.3151608,700,0,0,42068
Elmer,Shillner,F,769,868-9598,GREENWOOD,MS,38935,M,Y,60000,5,0,12000,1500,42082
Emden,Trupe,M,240,458-2744,ANNAPOLIS,MD,21411,M,Y,70000,4.75,0,4800,2400,42528
Emeka,Whitebread,M,574,473-7258,GRASS CREEK,IN,46935,M,Y,5000,3.4,0,2000,1000,42560
Enoch,Hammerl,F,812,370-9443,NEW HARMONY,IN,47631,M,N,20000,3.4,0,2000,0,43066
Erica,Vosburgh,M,435,770-7558,MAYFIELD,UT,84643,M,N,100000,7,0,4950,0,43370
Erik,Hakonen,F,406,226-7584,DODSON,MT,59524,S,N,25000,6.9,1900,0,0,43438
Ernestine,Beim,M,402,563-2820,UNADILLA,NE,68454,S,Y,60000,6.84,103,0,103,43638
Erol,Castangia,F,763,544-6543,CYRUS,MN,56323,M,N,65000,7.724066,0,6600,0,43707
Erran,Yijun,F,617,327-9366,FALL RIVER,MA,2722,M,Y,20000,5.3,0,7150,1000,43727
Esmond,Dahlhaus,F,307,185-5826,YODER,Y,82244,S,Y,90000,0,0,0,0,44037
Eugenia,Giannotti,F,802,998-8762,ESSEX JUNCTION,VT,5453,M,Y,50000,3.9998987,0,6600,3300,44584
Evandro,Horiguchi,M,307,723-8000,ROBERTSON,WY,82944,S,N,5000,0,0,0,0,44847
Evgeny,Jenevein,M,848,324-1751,AVON BY THE SEA,NJ,7717,S,Y,80000,2.34625,1000,0,1500,45089
Fariba,Takagi,M,479,184-9846,LONDON,AR,72847,S,N,100000,7,20,0,0,46035
Feiling,Waroquier,M,651,624-4905,CEDAR,MN,55011,M,Y,55000,7.1904483,0,6600,3300,46681
Felicidad,Loborg,F,863,591-9351,GREENACRES,FL,33454,S,N,100000,0,0,0,0,46798
Felisa,Repeko,F,352,420-2814,NORTH PORT,FL,34286,M,Y,40000,0,0,0,0,46948
Ferdinand,Azevedo,F,215,889-6084,DARBY,PA,19023,M,Y,100000,3.07,0,0,0,47164
Fernand,Panagopoulou,F,508,205-7989,CHICOPEE,MA,1013,M,Y,90000,5.3,0,7150,1000,47272
Fikri,Champarnaud,F,769,620-5515,POTTS CAMP,MS,38659,S,N,55000,5,6000,0,0,47504
Filip,Seguin,M,731,299-6078,SEVIERVILLE,TN,37864,M,Y,40000,0,0,0,0,47561
Filip,Daudenarde,M,801,166-9176,PARK CITY,UT,84060,***,N,80000,7,2475,0,0,47572
Florina,Ratzlaff,M,785,586-7385,WALKER,KS,67674,M,N,15000,3.5,0,4500,0,48122
Fracisco,Giacomo,F,573,488-6744,CAMDEN,MO,64017,M,N,25000,6,0,4200,0,48559
Francis,Piccoli,M,808,865-8664,HONOLULU,HI,96850,S,N,100000,8.25,1040,0,0,48770
Fredy,Hoofman,M,240,893-1560,BALTIMORE,MD,21211,M,Y,50000,4.75,0,4800,2400,49379
Freyja,Charissis,F,808,371-9429,SCHOFIELD BARRACKS,HI,96857,M,N,85000,8.25,0,2080,0,49437
Fujio,Parfitt,F,814,707-4480,SALFORDVILLE,PA,18958,S,N,100000,3.07,0,0,l0,49762
Fumiya,Pennino,F,228,706-4344,ROSE HILL,MS,39356,S,N,50000,5,6000,0,0,50067
Fumiyuki,Kelb,M,906,539-2507,KALAMAZOzO,MI,49005,S,Y,60000,3.9,3100,0,3100,50125
Fung,Farrag,F,406,982-6941,TWIN BRIDGES,MT,59754,S,N,20000,6.9,1900,0,0,50168
Gaisi,Hettesheimer,F,845,928-9473,TALLMAN,NY,10982,S,Y,35000,4.1564026,0,0,1000,50693
Garnik,Orozco,F,202,951-8402,WASHINGTON,DC,20208,S,N,95000,9,1370,0,0,51257
Gaurav,Cappelletti,M,316,346-4876,CANTON,KS,67428,S,N,75000,6.45,2250,0,0,51443
Gennoveffa,Thorensen,F,406,107-7502,WESTBY,MT,59275,S,Y,70000,0.69,1900,0,1900,52037
Geoff,Landram,F,813,356-2642,WINTER PARK,FL,32790,M,Y,30000,0,0,0,0,52152
Gerald,Kandogan,F,207,584-4611,CARMEL,ME,4419,S,N,45000,8.5,2850,0,0,52519
Geraud,Grams,F,308,674-6349,FILLEY,NE,68357,S,Y,5000,3.0217428,103,0,103,52642
Gerd,Hirschler,M,907,111-4406,METLAKATLA,AK,99926,M,N,40000,0,0,0,0,52719
Gerie,Bateman,M,754,205-8529,FOUNTAIN,FL,32438,M,N,5000,0,0,0,0,52827
Gerie,Terkki,M,706,347-2750,PRESTON,GA,31824,M,Y,50000,6,0,5400,3000,52838
Gertrud,Dhagat,M,505,735-3767,VEGUITA,NM,87062,S,Y,20000,5.3,3300,0,3300,53150
Gesine,Kuzuoka,M,484,495-6511,PHILADELPHIA,PA,19141,S,N,40000,3.07,0,0,0,53195
Ghulum,Cincotta,F,505,229-2484,GARITA,NM,88421,***,N,40000,5.3,3300,0,0,53562
Giangiacomo,Andernach,F,817,681-7662,TIMPSON,TX,75975,S,N,10000,0,0,0,0,53790
Gilbert,Cherinka,M,918,116-1859,OKLAHOMA CITY,OK,73109,M,N,5000,3.0555556,0,2000,0,54126
Gilles,Hanabata,F,971,912-5480,GERVAIS,OR,97026,S,Y,40000,9,159,0,159,54220
Giordano,Samlowski,M,205,950-6367,HOLY TRINITY,AL,36859,S,Y,15000,5,1500,0,300,54386
Gladys,Pierre,M,401,952-1315,RIVERSIDE,RI,2915,S,N,85000,0,0,0,0,54929
Goli,Musikaev,F,802,612-1155,MANCHESTER,VT,5254,S,N,0,4.5967627,3300,0,0,55435
Gopalan,Raveh,F,602,778-2976,TEMPE,AZ,85282,M,N,35000,3.2575,0,4200,0,55729
Govind,Forker,F,501,857-8370,HATFIELD,AR,71945,S,Y,95000,7,20,0,20,56047
Gray,Cowie,F,307,515-3712,DAYTON,WY,82836,M,N,65000,0,0,0,0,56280
Guangming,Tawa,M,772,479-4251,JACKSONVILLE,FL,32290,M,N,20000,0,0,0,0,56988
Guangshun,Gitlin,M,225,163-8209,ARCHIBALD,LA,71218,M,N,30000,6,0,9000,0,57018
Guilhem,Bakhtari,F,401,364-8383,LITTLE COMPTON,RI,2837,S,Y,40000,0,0,0,0,57477
Guodong,Ruffin,M,406,780-4219,BUTTE,MT,59701,M,N,15000,6.9,0,3800,q0,58007
Guorong,Duclos,F,701,683-4356,SELFRIDGE,ND,58568,M,Y,5000,2.1,0,6600,3300,8589934753
Gururaj,Peuto,M,808,380-8166,KAAAWA,HI,96730,M,N,5000,1.9407895,0,2080,0,8589935072
Guylaine,Leban,F,443,405-8876,WARWICK,MD,21912,M,Y,65000,4.75,0,4800,2400,8589935291
Gwenael,Piccinini,F,419,281-9450,PORT WASHINGTON,OH,43837,S,Y,55000,2.3717437,1300,0,1300,8589935369
Gyora,Chleq,M,262,110-9277,BRUSSELS,WI,54204,S,N,100000,6.183918,700,0,0,8589935492
Gyu,Scharf,F,702,494-2015,SPARKS,NV,89434,M,N,65000,0,0,0,0,8589935532
Hae,Nuseibeh,M,414,493-3634,WASHINGTON ISLAND,WI,54246,M,Y,60000,5.488912,0,1400,400,8589935704
Haechull,Rettelbach,M,971,547-9601,SEASIDE,OR,97138,M,N,55000,9,0,318,0,8589935736
Hagi,Andreotta,M,502,607-7865,MOUNT WASHINGTON,KY,40047,M,Y,85000,6,0,40,20,8589935879
Hagi,Bratsberg,M,308,692-8464,SPRINGVIEW,NE,68778,M,Y,65000,6.84,0,206,103,8589935881
Hajnal,Bisiani,F,509,211-6412,ISSAQUAH,WA,98027,M,N,70000,0,***,0,0,8589936464
Hakan,Zaccone,M,501,694-8761,HERMITAGE,AR,71647,M,N,55000,7,0,40,0,8589936495
Haklin,Hinterberger,F,234,584-2451,WESTERVILLE,OH,43082,S,N,45000,2.039795,1300,0,0,8589936584
Haluk,Leenaerts,F,808,118-4971,KAUNAKAKAI,HI,96748,M,Y,90000,8.25,0,2080,1040,8589936795
Hannu,Mussa,M,501,787-8665,MOUNTAIN HOME,AR,72654,S,N,40000,7,20,0,0,8589937390
Hansjurgen,Quiroz,F,808,539-9411,NINOLE,HI,96773,M,N,100000,8.25,0,2080,0,8589937542
Hao,Qizhong,F,858,459-8115,SHERMAN OAKS,CA,91413,M,Y,95000,9.3,0,174,272,8589937691
Hardeep,Sallaberry,M,414,921-2176,HITON,WI,54635,M,Y,0,5.836415,0,1400,400,8589937853
Harpal,Radecki,M,252,932-4739,BLANCH,NC,27212,M,Y,10000,6,0,6600,3300,8589938181
Heekuck,Ercolano,M,406,708-9355,WORDEN,MT,59088,S,N,60000,6.9,1900,0,0,8589939103
Hemant,Luce,F,641,276-8555,NEW ALBIN,IA,52160,M,N,55000,8.65488,0,80,0,8589939848
Hendry,Emery,M,954,487-9772,CORAL GABLES,FL,33114,S,N,60000,0.c0,0,0,0,8589939899
Heng,Gradel,M,518,744-5795,BROOKHAVEN,NY,11719,M,N,30000,4.127439,0,0,0,8589939929
Hilari,Wolfram,F,651,127-8235,LINDSTROM,MN,55045,M,N,70000,7.85,0,6600,0,8589941380
Hirohiko,Mullainathan,M,715,432-1687,APPLETON,WI,54914,S,Y,20000,4.7939067,700,0,400,8589941779
Hirohisa,Sureshchandran,M,303,838-2191,DENVER,CO,80274,M,Y,65000,4.63,0,0,0,8589941804
Hirokazu,Zingaretti,M,505,737-2942,PENA BLANCA,NM,87041,M,Y,15000,4.957143,0,6600,3300,8589941859
Hironori,Witschorik,F,202,185-4926,WASHINGTON,DC,20241,M,Y,20000,6.75,0,2740,1370,8589942074
Hiroyasu,Ural,F,336,910-9624,CLIFFSIDE,NC,28024,S,Y,10000,6,3300,0,3300,8589942349
Hirozumi,Pien,M,304,147-9089,MASON,WV,25260,M,N,5000,3,0,4000,0,8589942457
Hjalmtyr,Bogomolov,M,202,762-2867,WASHINGTON,DC,20237,S,N,10000,4.5,1370,0,0,8589942730
Hoi,Cowan,F,252,583-5385,LAUREL SPRINGS,NC,28644,S,N,50000,6.7814684,3300,0,0,8589942918
Hollyn,Aberth,M,812,140-4680,BRISTOL,IN,46507,S,Y,10000,3.4,1000,0,1000,8589943046
Holm,Gonzales,F,406,945-8313,DUPUYER,MT,59432,S,N,85000,6.9,1900,0,0,8589943070
Hongchi,Bogliolo,F,907,123-8188,TYONEK,AK,99682,S,Y,80000,0,0,0,0,8589943242
Hormozdyar,Jurik,M,231,705-3293,FULTON,MI,49052,S,Y,95000,3.9,3100,0,3100,8589943856
Hsiangchu,Ackermann,M,580,518-7048,BURNS FLAT,OK,73624,S,Y,80000,6.25,1000,0,1000,8589944370
Hungse,Masand,M,757,405-5064,HAMPTON,VA,23681,S,Y,40000,5.75,900,0,900,8589945119
HweeBong,Hasselbring,F,302,865-9421,MILLSBORO,DE,19966,S,***,15000,2.8818183,110,0,0,8589945531
Hyunok,Thomasset,M,319,947-1055,MARTELLE,IA,52305,M,N,85000,8.98,0,80,0,8589945978
Iakovos,Neimat,F,406,269-5674,JOLIET,MT,59041,S,N,50000,6.9,1900,0,0,8589946060
Ian,Nalumasu,M,952,628-2221,LE SUEUR,MN,56058,S,Y,75000,7.85,3300,0,3300,8589946083
Ingbert,Schapiro,M,208,859-4059,MOSCOW,ID,83844,M,N,30000,7.8,0,6600,0,8589947564
Iordana,Davisson,M,304,139-9071,HUNTINGTON,WV,25706,S,N,70000,6.5,2000,0,0,8589947958
Ivailo,Belcastro,F,912,782-3745,CHULA,GA,31733,S,Y,90000,6,2700,0,3000,8589949134
Ivelin,Schuchardt,F,307,436-8465,MOORCROFT,WY,82721,S,Y,10000,0,0,0,0,8589949209
Iyer,Shepherd,F,214,795-9535,MINERAL WELLS,TX,76068,S,Y,35000,0,0,0,0,8589949461
Izidor,Hmeidi,M,605,538-7470,SIOUX FALLS,SD,57193,S,Y,5000,0,0,0,0,8589949525
Izidor,Graefe,M,318,713-7793,SHREVEPORT,LA,71148,S,Y,30000,6,4500,0,1000,8589949530
Jacek,Penniman,,801,748-5849,BOUNTIFUL,UT,84010,S,Y,5000,7,2475,0,2475,8589949758
Jacob,Flich,F,404,263-4509,STATHAM,GA,30666,M,N,85000,6,0,5400,0,8589949906
Jaime,Poursepanj,F,402,102-3389,WILSONVILLE,NE,69046,S,Y,45000,6.84,103,0,103,8589950675
Janina,Lorys,M,302,532-8319,BETHANY BEACH,DE,19930,M,Y,15000,2.8818183,0,220,110,8589951451
Jarmo,Hooman,F,301,681-1179,WESTMINSTER,MD,21157,M,N,55000,4.75,0,4800,0,8589951804
Jaroslav,Rodier,M,215,750-2993,PHILADELPHIA,PA,19142,M,N,50000,3.07,0,0,0,8589951881
Jaroslaw,Luke,M,843,283-3999,LOCKHART,SC,29364,S,N,30000,7,3300,0,0,8589951926
Jasmina,Zongker,M,580,229-5690,EDMOND,OK,73003,M,N,90000,6.25,0,2000,0,8589951989
Jawad,Courtenage,M,443,768-1640,UPPER MARLBORO,MD,20775,S,Y,10000,4.75,2400,0,2400,8589952240
Jeannie,Rehg,M,615,839-9610,BURNS,TN,37029,M,N,30000,0,0,0,0,8589952897
Jef,Kohda,F,615,731-4019,INDIAN MOUND,TN,37079,S,Y,5000,0,0,0,0,8589952974
Jeffrey,Board,M,985,699-1917,TULLOS,LA,71479,M,Y,100000,6r.0,0,9000,1000,8589953040
Jeno,Lumbreras,F,719,949-2959,COLORADO SPRINGS,CO,80919,M,Y,75000,4.63,0,0,0,8589953299
Jernej,Dams,M,845,892-4905,PLEASANTVILLE,NY,10570,M,N,50000,4.243293,0,0,0,8589953626
Jerold,Rollins,F,947,181-7749,MARENISCO,MI,49947,S,N,80000,3.9,3100,0,0,8589953675
Jerome,Littlehales,M,260,575-1867,CELESTINE,IN,47521,S,Y,90000,3.4,1000,0,1000,8589953691
Jerry,Mancey,F,208,550-7907,CONDA,ID,83230,M,N,85000,7.8,0,6600,0,8589953796
Jiafu,Tsumoto,F,903,417-9669,WESTHOFF,TX,77994,M,rY,25000,0,0,0,0,8589954009
Jiajie,Pohm,M,731,194-3404,WINCHESTER,TN,37398,M,N,55000,0,0,0,0,8589954043
Jiakeng,Baaz,F,304,736-1475,STOLLINGS,WV,25646,S,Y,80000***,6.5,2000,0,2000,8589954071
Jianan,Lobjois,M,913,870-4568,MOUND CITY,KS,66056,S,Y,15000,3.5,2250,0,2250,8589954133
Jianghong,Willcock,F,352,563-7924,ORLANDO,FL,32818,S,Y,80000,0,0,0,0,8589954271
Jianjun,Geske,F,603,416-5687,BARNSTEAD,NH,3218,S,Y,40000,0,0,0,0,8589954411
Jiawan,Ade,F,479,550-2244,GILBERT,AR,72636,M,Y,55000,7,0,40,20,8589954827
Jihie,Pinzani,M,808,789-6202,MILILANI,HI,96789,M,N,90000,8.25,0,2080,0,8589955120
Jimena,Bentaleb,F,812,298-5169,CHALMERS,IN,47929,S,N,20000,3.4,1000,0,0,8589955260
Jimmie,Bodek,F,308,767-5885,BARTLETT,NE,68622,M,Y,35000,6.84,0,206,103,8589955322
Jinjoo,Marcellin,M,775,162-5362,GERLACH,NV,89412,M,N,55000,0,0,0,0,8589955723
Jinshi,Corless,F,253,754-2365,FEDERAL WAY,WA,98023,S,Y,40000,0,0,0,0,8589955835
Jinxin,Pittarelil,M,603,696-8261,HOOKSETT,NH,3106,M,N,30000,0,0,0,0,8589955995
Jitian,Kottmann,F,918,699-8192,TULSA,K,74187,S,Y,85000,6.25,1000,0,1000,8589956266
Job,Baatz,fM,302,998-3891,MILLSBORO,DE,19966,S,N,45000,4.927273,110,0,0,8589956802
Jocob,Kaelbling,M,217,357-6480,HENDERSON,IL,61439,S,Y,85000,3,2000,0,2000,8589956931
Joep,Martelli,F,802,882-4166,CABOT,VT,5647,M,N,35000,3.7014668,0,6600,0,8589957047
Joford,McMorris,F,808,706-5175,HAKALAU,HI,96710,S,Y,35000,7.3486843,1040,0,1040,8589957146
Johanna,Suter,M,701,440-7243,WILLOW CITY,ND,58384,M,N,35000,2.161439,0,6600,0,8589957266
Jongho,Loganantharaj,F,660,251-8274,LAQUEY,MO,65534,S,N,50000,6,2100,0,0,8589957765
Joo,Treble,M,952,965-4084,HOLDINGFORD,MN,56340,M,Y,15000,5.35,0,6600,3300,8589957991
Josette,Chickermane,M,520,946-2129,ELGIN,AZ,85611,M,Y,75000,3.8775,0,4200,2300,8589958665
Jouko,Lunn,M,608,333-1345,WESTFIELD,WI,53964,S,Y,70000,5.6626635,700,0,400,8589958830
Judith,Giger,F,202,900-3202,WASHINGTON,DC,20301,S,N,85000,9,1370,0,0,8589959339
Juhana,Skeel,F,603,754-8486,BERLIN,NH,3570,M,N,20000,0,0,0,0,8589959420
Juichi,Birdsall,M,609,713-2821,POTTERSVILLE,NJ,7979,S,N,45000,1.7942708,1000,0,0,8589959560
Juichi,Gimarc,M,605,757-3748,PUKWANA,SD,57370,S,N,75000,0,0,0,0,8589959572
Junehwa,Hoderlein,M,563,139-1210,REASNOR,IA,50232,S,Y,10000,1.7078737,40,0,40,8589959800
Junro,Wohlfarth,F,787,831-2238,CABO ROJO,PR,623,M,Y,40000,0,0,0,0,8589960135
Juregn,Carroll,F,202,986-7768,WASHINGTON NAVY YARD,DC,20398,S,N,5000,4.5,1370,0,0,8589960297
Jurgen,Katzenberg,M,401,383-3807,PROVIDENCE,RI,2909,M,Y,85000,0,0,0,0,8589960368
Juri,Kessler,M,207,238-1370,HANCOCK,ME,4640,M,N,25000,8.5,0,5700,0,8589960381
Justin,Seipel,M,917,262-2648,WURTSBORO,NY,12790,S,Y,10000,4.011585,0,0,1000,8589960522
Kacem,Schank,M,256,199-8881,VREDENBURGH,AL,36481,M,Y,50000,5,0,3000,300,8589960894
Kalervo,Cichosz,M,865,814-2803,NASHVILLE,TN,37215,S,N,95000,0,0,0,0,8589961367
Kalle,Oogane,M,605,727-8428,FAIRFAX,SD,57335,M,Y,20000,0,0,0,0,8589961481
Kanad,Iwanski,F,775,741-1280,LAS VEGAS,NV,89170,M,N,5000,0,0,0,0,8589961900
Kangwoo,Mussi,F,603,786-9676,FREMONT,NH,3044,S,Y,90000,0,0,0,0,8589962020
Kanupriya,Scheen,F,219,648-7869,RICHMOND,IN,47374,S,N,45000,3.4,1000,0,0,8589962211
Kapetanakis,Mohrherr,M,307,586-6146,ARVADA,WY,82831,S,N,35000,0,0,0,0,8589962324
Katarina,Hiramatsu,F,812,230-4558,EVANSVILLE,IN,47716,S,N,100000,3.4,1000,0,0,8589963108
Katsuhiko,Diekert,F,605,964-5977,WAKONDA,SD,57073,S,N,20000,0,0,0,0,8589963335
Katsuhisa,Maldonado,M,605,328-8949,ROCKHAM,SD,57470,M,Y,40000,0,0,0,0,8589963393
Katsumasa,Daga,F,206,981-2328,GLENWOOD,WA,98619,S,N,60000,0,0,0,0,8589963462
Katsuni,Womack,M,802,261-6157,SOUTH NEWFANE,VT,5351,M,Y,95000,4.8951945,0,6600,3300,8589963490
Kavi,Ozery,M,907,534-8981,JUNEAU,AK,99850,M,Y,35000,0,0,0,0,8589963867
Kazufumi,Beerel,F,775,181-4837,BEATTY,NV,89003,S,N,95000***,0,0,0,0,8589964221
Kazufumi,Gornas,F,603,405-1933,ALTON,NH,3809,S,Y,60000,0,0,0,0,8589964226
Kazuki,Hackl,***,918,748-8334,SEMINOLE,OK,74818,M,N,20000,6.25,0,2000,0,8589964405
Keiichiro,Signore,F,702,466-5615,WASHOE VALLEY,NV,89704,S,Y,45000,0,0,0,0,8589965073
Kemal,Lotem,F,509,790-8817,TACOMA,WA,98406,S,N,65000,0,0,0,0,8589965546
Kemt,Lapidot,F,802,726-5012,NORTH CONCORD,VT,5858,M,Y,25000,3.6,0,6600,3300,8589965585
Kenneth,Stafylopatis,F,563,763-5238,NORTHWOOD,IA,50459,S,N,5000,0.935984,40,0,0,8589965914
Kensei,McCluskey,F,806,714-9567,ARLINGTON,TX,76010,S,N,20000,0,0,0,0,8589966020
Keqin,Clarke,cF,240,334-7679,CENTREVILLE,MD,21617,S,N,90000,4.75,2400,0,0,8589966267
Keshab,Felciano,M,262,164-9575,TRIPOLI,WI,54564,M,Y,40000,5.1414094,0,1400,400,8589966603
Kewen,Moshkow,M,917,571-7235,HECTOR,NY,14841,S,Y,15000,4.040549,0,0,1000,8589966843
Kieran,Saward,F,218,717-8690,ELK RIVER,MN,55330,M,Y,45000,6.6568303,0,6600,3300,8589967286
Kirk,Cui,M,939,784-46i07,SAN JUAN,PR,937,M,N,5000,0,0,0,0,8589968023
Kishor,Shephard,F,276,514-3158,FORT BLACKMORE,VA,24250,M,Y,100000,5.75,0,1800,900,8589968176
Koh,Wilm,F,843,495-9205,AIKEN,SC,29801,M,N,100000,7,0,6600,0,8589968831
Kongshi,Zongtian,F,701,664-1556,ABERCROMBIE,ND,58001,S,N,60000,2.451245,3300,0,0,8589969197
Kouzou,Simoni,M,304,251-5759,PETERSBURG,WV,26847,S,N,30000,4.4,2000,0,0,8589969835
Krisda,Goerigk,***,201,478-1138,MAPLEWOOD,NJ,7040,M,Y,30000,1.5577083,***,2000,1500,8589970077
Kriton,Meuss,M,307,730-5856,CASPER,WY,82609,M,iN,65000,0,0,0,0,8589970642
Krysia,Shreve,F,602,794-7488,PHOENIX,AZ,85077,S,Y,70000,3.8,2100,0,2300,8589970687
Kukhamay,Tedijanto,F,435,659-5297,FAIRVIEW,UT,84629,M,Y,10000,7,0,4950,2475,8589970906
Kuniaki,Lotfi,F,202,303-5739,WASHINGTON,DC,20201,S,N,70000,9,1370,0,0,8589971115
Lakshman,Behrendt,F,202,896-6306,WASHINGTON,DC,20456,S,Y,95000,9,1370,0,1370,8589972519
Lambert,Poston,F,435,179-8390,SALT LAKE CITY,UT,84141,S,N,90000,7,2475,0,0,8589972710
Lamine,Worfolk,F,267,860-8832,WEEDVILLE,PA,15868,S,Y,50000,3.07,0,0,0,8589972758
Lashon,Poehlman,M,608,334-6474,FENNIMORE,WI,53809,M,N,100000,6.183918,0,1400,0,8589973180
Leandros,Sylla,M,802,300-8446,BRATTLEBORO,VT,5303,S,zN,70000,4.397808,3300,0,0,8589973769
Lennert,Caulk,M,913,238-9573,CHAPMAN,KS,67431,S,Y,100000,6.45,2250,0,2250,8589974252
Leon,Ferhatosmanoglu,M,201,414-2138,ANDOVER,NJ,7821,S,Y,90000,2.5039582,1000,0,1500,8589974341
Lia,Nanard,M,304,197-9322,CHARLESTON,WV,25328,M,N,40000,5.1000004,0,4000,0,8589974994
Lilin,Bichler,M,701,265-4262,SAWYER,ND,58781,S,Y,40000,2.2194002,3300,0,3300,8589975838
Linas,Ramalingam,F,701,865-8297,MOFFIT,ND,58560,M,Y,35000,2.161439,0,6600,3300,8589976080
Lisandro,Dierolf,F,248,732-1530,MILLINGTON,MI,48746,S,N,25000,3.9,3100,0,0,8589976593
Llorenc,Strehlo,M,203,800-7037,SOMERS,CT,6071,S,N,80000,5,12750,0,0,8589977088
LouAnn,Slysz,M,914,432-1938,POUGHKEEPSIE,NY,12602,S,N,50000,4.243293,0,0,0,8589978079
Loyce,MacLeod,F,947,436-9585,CEDARVILLE,MI,49719,M,Y,50000,3.9,0,6200,3100,8589978307
Lucian,Stanion,M,304,562-7946,WAYNE,WV,25570,M,Y,5000,3,0,4000,2000,8589978556
Luia,Alfonsin,F,202,548-6482,PARCEL RETURN SERVICE,DC,56972,M,N,60000,9,0,2740,0,8589978869
Luise,Antoy,M,859,220-9191,GRAY HAWK,KY,40434,S,Y,5000,2.1111112,20,0,20,8589978995
Lukas,Olenski,M,308,380-2939,GRAND ISLAND,NE,68803,M,N,70000,6.84,0,206,0,8589979116
Luther,Kikuchi,F,907,937-9623,PLATINUM,AK,99651,M,Y,20000,0,0,0,0,8589979468
Lynda,Hamblin,M,973,124-2966,CHATHAM,NJ,7928,M,Y,30000,15.577083,0,2000,1500,8589979598
Maha,Suppi,F,208,830-8220,PARIS,ID,83261,M,Y,10000,4.109693,0,6600,3300,8589980608
Mahan,Escriba,F,715,171-5691,NEW HOLSTEIN,WI,53062,S,N,10000,4.620155,700,0,0,8589980672
Maharaj,Sarocky,M,207,372-5994,PORTER,ME,4068,M,Y,40000,8.5,0,5700,2850,8589980698
Mahesh,Cavalli,F,207,614-6634,SEAL COVE,ME,4674,S,Y,75000,8.5,2850,0,2850,8589980776
Maite,Wahba,F,706,457-4132,LAWRENCEVILLE,GA,30044,S,Y,55000,6,2700,0,3000,8589981037
Malay,Gerling,M,928,787-9327,WILLCOX,AZ,85644,S,Y,90000,4.11,2100,0,2300,8589981277
Malte,Wunderlin,M,225,898-5972,GREENSBURG,LA,70441,S,N,65000,6,4500,0,0,8589981487
Maneesh,Tomer,M,702,749-4999,WEST WENDOVER,V,89883,M,N,75000,0,0,0,0,8589981947
Manica,Nishanov,M,207,702-1747,SEBAGO,ME,4029,S,Y,55000,8.5,2850,0,2850,8589982103
Manica,Kabuka,M,907,585-5223,WASILLA,pAK,99623,S,N,35000,0,0,0,0,8589982106
Manica,Jayaprakash,M,971,446-5135,WALLOWA,OR,97885,S,Y,20000,9,159,0,159,8589982112
Mansur,Leder,F,704,563-8053,MERRTT,NC,28556,M,Y,100000,7.8304195,0,6600,3300,8589982695
Manuk,Bayraktar,F,570,339-8662,HANOVER,PA,17335,S,N,80000,3.07,0,0,0,8589982846
Marcello,Demphlous,M,603,554-8485,BRISTOL,NH,3222,M,N,95000,0,0,0,0,8589983096
Margita,Treloar,F,605,519-5287,LYONS,SD,57041,M,N,45000,0,0,0,0,8589983399
Margita,Meszyk,F,801,570-3625,PARAGONAH,UT,84760,S,N,75000,7,2475,0,0,8589983403
Marias,Nemetz,M,203,728-9522,NIANTIC,CT,6357,M,Y,30000,5,0,24500,0,8589983781
Marinos,Drettakis,M,939,246-6569,SAN JUAN,PR,923,M,Y,35000,0,0,0,0,8589984117
Marinus,Ochuodho,F,731,513-4220,SALE CREEK,TN,37373,M,N,10000,0,0,0,0,8589984147
Marion,Greco,F,260,271-6259,ARCOLA,IN,46704,M,Y,10000,3.4,0,2000,1000,8589984196
Marit,Martella,M,701,251-4603,ZAHL,ND,58856,S,Y,25000,2.1,3300,0,3300,8589984302
Mark,Whitely,M,920,700-9346,WEST BEND,WI,53095,S,N,30000,4.967658,700,0,0,8589984440
Martial,Muirhead,M,570,664-5125,FLEETVILLE,PA,18420,M,N,10000,3.07,0,0,0,8589985129
Maryse,Docker,M,909,609-6947,LOS ANGELES,CA,90014,S,Y,50000,9.3,87,0,272,8589985559
Masahide,Delgrossi,F,864,133-1071,SALTERS,SC,29590,M,N,45000,7,0,6600,0,8589985702
Masyuki,Carstensen,F,302,343-2219,WILMINGTON,DE,19880,M,N,60000,5.95,0,220,0,8589986529
Matthias,Castle,M,907,277-4258,SHAKTOOLIK,AK,99771,M,N,60000,0,0,0,0,8589986936
Maureen,Stanion,M,803,902-1440,GEORGETOWN,SC,29442,M,N,60000,7,0,6600,0,8589987114
Mechtild,Calmet,F,808,322-1390,TRIPLER ARMY MEDICAL CENTER,HI,96859,S,Y,30000,6.447368,1040,0,1040,8589987765
Mehryar,Nabli,M,801,524-6567,LEHI,UT,84043,M,Y,55000,7,0,4950,2475,8589988009
Mehryar,Lowry,M,212,356-7265,OTTO,NY,14766,S,N,70000,4.359146,0,0,0,8589988018
Melek,Boufaida,M,203,177-8997,SOUTH LYME,CT,6376,S,Y,95000,5,12750,0,0,8589988368
Melody,Pevac,M,228,666-9076,WIGGINS,MS,39577,S,Y,55000,5,6000,0,1500,8589988492
Meltem,Zrehen,F,207,229-1066,FRYEBURG,ME,4037,M,Y,20000,8.5,0,5700,2850,8589988521
Mema,Appelfeller,M,973,294-9220,PERTH AMBOY,NJ,8861,S,N,100000,2.6616669,1000,0,0,8589988585
Menachem,Konyala,F,608,848-3868,CUMBERLAND,WyI,54829,S,Y,85000,5.9232907,700,0,400,8589988603
Mengchu,Darche,M,864,586-6320,FORT MILL,SC,29715,,N,75000,7,0,6600,0,8589988709
Mercedes,Sadaoui,F,512,700-4355,JOAQUIN,TX,75954,S,Y,950r00,0,0,0,p0,8589988859
Meyer,Wohlfarth,F,731,556-8798,COWAN,N,37318,S,Y,90000,0,0,0,0,8589989173
Michalis,Sewelson,F,505,847-7618,SANOSTEE,NM,87461,M,N,80000,5.3,0,6600,0,8589989415
Micheline,Marchegay,F,901,374-6317,STRAWBERRY PLAINS,TN,37871,M,N,25000,0,0,0,0,8589989611
Mika,DeTurk,F,216,491-4020,COLUMBUS,OH,43221,M,Y,45000,2.039795,0,2600,1300,8589990302
Mikito,Schieder,M,919,968-4111,AYDLETT,NC,27916,M,Y,15000,6.0472026,0,6600,3300,8589990508
Mikkel,tAncourt,M,770,849-2742,BROOKFIELD,GA,31727,S,N,15000,6,2700,0,0,8589990539
Milam,Kalkbrener,M,253,448-4953,WOODINVILLE,WA,98072,M,N,65000,0,0,0,0,8589990597
Mingshien,Dan,zF,701,973-1726,DICKINSON,ND,58602,S,Y,65000,2.5092063,3300,0,3300,8589991266
Minjae,Bacher,F,970,683-3625,KEENESBURG,CO,80643,S,Y,90000,4.63,0,***,0,8589991331
Mircea,Dillet,M,307,888-1326,LARAMIE,WY,82073,M,Y,65000,0,0,0,0,8589991686
Mirco,Tchuente,F,301,301-2741,ANNAPOLIS,MD,21409,M,Y,95000,4.75,0,4800,2400,8589991718
Mirion,Louka,M,202,491-3022,WASHINGTON,DC,20064,S,Y,100000,9,1370,0,1370,8589991799
Mirta,Nourani,M,912,249-2393,WARNER ROBINS,GA,31095,S,N,55000,6,2700,0,0,8589992083
Misako,Poss,F,512,623-9879,CARTHAGE,TX,75633,S,Y,60000,0,0,0,0,8589992136
Mitsutoshi,Fortune,M,864,957-4162,SUMTER,SC,29150,M,N,50000,7,0,6600,0,8589992499
Miyeon,Segond,F,319,931-2246,NORTH LIBERTY,IA,52317,M,Y,15000,2.479763,0,80,40,8589992601
Miyoki,Zeroual,F,734,710-1961,DURAND,MI,48429,M,N,90000,3.9,0,6200,0,8589992637
Moheb,Juneja,M,843,531-6203,CORDOVA,SC,29039,S,N,5000,3.563716,3300,0,0,17179869371
Mojmir,Melvin,F,302,655-4607,HOUSTON,DE,19954,M,Y,65000,5.95,0,220,110,17179869579
Moni,Wrzyszcz,F,847,732-9984,BURLINGTON,IL,60109,S,Y,100000,3,2000,0,2000,17179869796
Moonwook,Reifer,M,202,507-7733,WASHINGTON,DC,20575,M,N,15000,5.625,0,2740,0,17179870141
Morihiro,Wood,F,509,233-2302,KALAMA,WA,98625,S,N,50000,0,0,0,0,17179870325
Motoyuki,Goffin,F,919,605-2773,RIDGECREST,NC,28770,M,N,45000,6.6765733,0,6600,0,17179870992
Moty,Babinski,M,717,895-8553,VENETIA,PA,15367,M,N,50000,3.07,0,0,0,17179871017
Mounia,Siepmann,F,763,879-3017,SARGEANT,MN,55973,M,N,75000,7.85,0,6600,0,17179871066
Mukkai,Tomia,M,712,319-7557,FARMINGTON,IA,52626,S,Y,15000,2.479763,40,0,40,17179871534
Muruganandan,Ekenberg,M,479,481-7433,HOT SPRINGS NATIONAL PARK,AR,71913,S,Y,95000,7,20,0,20,17179872041
Muzhong,Tomas,M,646,375-6166,BRIER HILL,NY,13614,S,N,45000,4.2143292,0,0,0,17179872164
Nabih,Edmondson,F,551,682-3283,SAYREVILLE,NJ,8872,S,N,25000,1.4788542,1000,0,0,17179872506
Naftaly,Doucet,F,623,406-8075,MARICOPA,AZ,85238,M,Y,55000,3.5674999,0,4200,2300,17179873003
Nagi,Glynn,F,970,610-9399,MOFFAT,CO,81143,mS,N,65000,4.63,0,0,0,17179873108
Nahla,Chepyzhov,F,256,756-3432,DOTHAN,AL,36303,M,Y,70000,5,0,3000,300,17179873201
Nakhoon,Gursoy,F,607,281-8985,NEWBURGH,NY,12550,M,Y,90000,4.475,0,0,1000,17179873442
Naoufel,Parisi,M,405,342-6435,MAUD,OK,74854,S,Y,15000,6.25,1000,0,1000,17179874091
Narutoshi,Livadas,M,636,466-9089,MC GIRK,MO,65055,S,N,55000,6,2100,0,0,17179874651
Naser,Burnard,F,907,828-7400,DEERING,AK,99736,M,N,100000,0,0,0,0,17179874697
Naveen,Even,M,308,442-4944,CLARKS,NE,68628,S,Y,10000,3.9097095,103,0,103,17179875279
Neil,Anguita,F,202,144-1974,WASHINGTON,C,20002,S,Y,5000,4.5,1370,0,1370,17179875765
Neophytos,Dan,F,312,459-3927,TABLE GROVE,IL,61482,S,gY,40000,3,2000,0,2000,17179876041
Nevenka,Bax,M,307,422-4461,KEMMERER,WY,83101,S,Y,70000,0,0,0,0,17179876215
Newton,Valmari,F,316,177-3107,OSWEGO,KS,67356,M,N,30000,6.45,0,4500,0,17179876376
Nicholas,Belt,F,918,887-5417,RUSH SPRINGS,OK,73082,S,N,20000,6.25,1000,0,0,17179876628
Nicky,Titkova,M,936,906-9573,EAGLE PASS,TX,78853,S,Y,65000,0,0,0,0,17179876719
Nicolo,Crames,F,234,491-5843,PATRIOT,OH,45658,M,Y,80000,3.2016153,0,2600,1300,17179876981
Nicolo,Paragot,F,501,581-4680,OAKLAND,AR,72661,S,N,70000,7,20,0,0,17179876993
Niki,Pohl,M,207,562-7587,WEST NEWFIELD,ME,4095,M,N,55000,8.5,0,5700,0,17179877261
Nikunja,Nogi,F,913,816-5836,MARION,KS,66861,M,Y,5000,3.5,0,4500,2250,17179877434
Nils,Adusumilli,F,907,708-7703,JUNEAU,AK,99801,M,N,10000,0,0,0,0,17179877506
Ningda,Roijakkers,F,630,703-6597,FAIRBURY,IL,61739,M,Y,65000,3,0,4000,2000,17179877606
Nipon,Majster,F,765,959-2542,SELMA,IN,47383,M,Y,85000,3.4,0,2000,1000,17179877622
Nirina,Razborov,F,502,514-7945,ISLAND CITY,KY,41338,M,Y,65000,5.4444447,0,40,20,17179877751
Nirmal,Ricardo,F,256,196-6523,TUSKEGEE INSTITUTE,AL,36088,S,Y,80000,5,1500,0,300,17179877774
Nobumitsu,Schwiegelshohn,M,360,499-3581,SEATTLE,WA,98164,S,N,95000,0,0,0,0,17179878248
Norma,Schmerr,F,605,141-4202,DELL RAPIDS,SD,57022,M,N,15000,0,0,0,0,17179878886
Olli,Gierz,F,712,532-3173,MYSTIC,IA,52574,M,N,95000,8.98,0,80,0,17179880069
Omar,Swiler,M,504,316-2872,BATON ROUGE,LA,70810,M,Y,80000,6,0,9000,1000,17179880189
Ophir,Ullman,M,630,439-3894,CAROL STREAM,IL,60125,M,Y,25000,3,0,4000,2000,17179880445
Ornan,Belyaev,F,870,552-9386,MOUNTAIN HOME,AR,72653,M,N,90000,7,0,40,0,17179880770
Ounissa,Emele,F,219,208-1679,UPLAND,IN,46989,M,Y,30000,3.4,0,2000,1000,17179881422
Ove,Scharinger,F,567,910-1703,DAYTON,OH,45418,S,N,95000,3.6995387,1300,0,0,17179881460
Ovidiu,Alves,M,831,178-1721,PATTERSON,CA,95363,M,Y,35000,7.7709284,0,174,272,17179881468
Oya,Dur,M,207,634-3026,FARMINGTON FALLS,ME,4940,S,N,65000,8.5,2850,0,0,17179881512
Paklin,Kabatianski,F,504,703-7146,THERIOT,LA,70397,M,N,85000,6,0,9000,0,17179881976
Paraic,Pierro,F,307,805-2390,SAINT STEPHENS,WY,82524,S,N,5000,0,0,0,0,17179882562
Paulo,Potharst,F,701,882-3490,BISBEE,ND,58317,S,Y,25000,2.1,3300,0,3300,17179883458
Peeter,Coluccini,F,601,935-7005,COLUMBUS,MS,39705,S,N,75000,5,6000,0,0,17179883744
Peiwei,Iorio,F,309,132-7337,POLO,IL,61064,S,Y,5000,3,2000,0,2000,17179883944
Penny,Sowizrai,F,401,625-4668,FOSTER,RI,2825,S,Y,10000,0,0,0,0,17179884138
Pete,Mutlu,M,907,210-8046,ALAKANUK,AK,99554,S,Y,5000,0,0,0,0,17179884585
Peteris,Baumker,M,276,726-7052,THORNBURG,VA,22565,M,N,45000,5.75,0,1800,0,17179884637
Petru,Benjauthrit,F,203,293-8068,STAMFORD,CT,6926,M,N,40000,5,0,24500,0,17179884818
Peyyun,Schachter,M,503,969-7849,GERVAIS,OR,97026,S,N,75000,9,159,0,0,17179884859
Phipps,Suleiman,F,360,971-4271,MCCLEARY,WA,98557,S,N,40000,0,0,0,0,17179885213
Phoebe,Paradinas,M,430,170-6001,BLOOMBURG,TX,75556,M,N,95000,0,0,0,0,17179885269
Pitro,Wahbe,F,202,273-9843,WASHINGTON,DC,20037,S,N,10000,4.5,1370,0,0,17179886312
Polen,Beau,F,803,937-7740,PINELAND,SC,29934,M,N,55000,7,0,6600,0,17179886515
Predrag,Putzolu,M,337,912-8586,NEW ORLEANS,LA,70146,M,Y,40000,6,0,9000,1000,17179887622
Puri,Demke,F,931,718-9564,CARYVILLE,TN,37714,S,Y,70000,0,0,0,0,17179888024
Pushpa,Bebjak,M,719,710-4436,LUCERNE,CO,80646,S,Y,20000,4.63,0,0,0,17179888086
Pythagoras,Tsotras,F,202,235-7157,WASHINGTON,DC,20206,S,N,70000,9,1370,0,0,17179888167
Qianhong,McKinnon,M,901,237-9253,CHATTANOOGA,TN,37419,M,Y,95000,0,0,0,0,17179888245
Qinghua,Niamir,M,843,435-2495,CHARLESTON,SC,29402,S,N,90000,7,3300,0,0,17179888358
Qinghua,Zhongzhi,M,785,330-1906,PRAIRIE VIEW,KS,67664,M,N,40000,6.45,0,4500,0,17179888363
Qingyuam,Lakoumentas,M,985,191-9362,GARDEN CITY,LA,70540,S,N,50000,6,4500,0,0,17179888516
Radharamanan,Reeve,F,713,369-3896,WEESATCHE,TX,77993,S,N,5000,0,0,0,0,17179889444
Raimo,Tsukamoto,M,440,946-6137,NEW SPRINGFIELD,OH,44443,M,Y,30000,1.5418718,0,2600,1300,17179890311
Rain,Morioka,F,505,569-1228,CONTINENTAL DIVIDE,NM,87312,S,N,15000,4.957143,3300,0,0,17179890435
Rainer,Bertelsen,F,405,440-9558,BARTLESVILLE,OK,74004,S,N,30000,6.25,1000,0,0,17179890457
Rajeev,Din,F,208,165-1819,POCATELLO,ID,83206,S,N,50000,7.8,3300,0,0,17179890739
Rajmohan,Rosendale,F,971,103-4286,PAULINA,OR,97751,M,Y,75000,9,0,318,159,17179890971
Raju,Georg,M,646,906-1972,HUDSON,NY,12534,S,Y,75000,4.3881097,0,0,1000,17179891041
Ramarao,Ireland,F,425,888-7649,LYNNWOOD,WA,98046,M,Y,5000,0,0,0,0,17179891365
Ramaswami,Trystram,F,812,450-1248,GRASS CREEK,IN,46935,S,,45000,3.4,1000,0,0,17179891435
Raminder,Niamir,F,706,226-6778,SAVANNAH,GA,31412,S,N,5000,4.4,2700,0,0,17179891564
Rance,Pelletreau,M,551,296-9815,STONE HARBOR,NJ,8247,S,Y,35000,1.6365625,1000,0,1500,17179891883
Randolph,Olagunju,M,760,124-4600,SAN JOSE,CA,95127,S,Y,60000,9.3,87,0,272,17179891969
Rangaswamy,Guvenir,F,517,560-b9596,NORTH BRANCH,MI,48461,S,Y,60000,3.9,3100,0,3100,17179892096
Raoul,Hernadi,M,308,993-1396,JULIAN,NE,68379,M,Y,80000,6.84,0,206,103,17179892247
Raoul,Szelepcsenyi,,360,450-3578,MINERAL,WA,98355,S,N,40000,0,0,0,0,17179892249
Raschid,Karcich,F,651,124-7667,WILLIAMS,MN,56686,S,Y,100000,7.85,3300,0,3300,17179892404
Raven,Capri,F,208,992-4395,BOISE,ID,83722,M,Y,75000,7.8,0,6600,3300,17179892651
Raymond,Nobauer,F,603,585-3727,MONROE,NH,3771,M,Y,80000,0,0,0,0,17179892923
Reese,Burston,F,218,885-5822,MANTORVILLE,MN,55955,M,Y,90000,7.85,0,6600,3300,17179893178
Reki,Sonenberg,M,615,970-5259,HARTFORD,TN,37753,S,Y,95000,0,0,0,0,17179893833
Renato,Millo,F,541,946-3443,KLAMATH FALLS,OR,97601,S,Y,10000,9,159,0,159,17179894078
Renaud,Orelup,M,304,411-2959,MAC ARTHUR,WV,25873,M,N,10000,3,0,4000,0,17179894128
Rhon,Mukund,M,304,524-8410,MEADOWBROOK,WV,26404,S,N,5000,3,2000,0,0,17179894658
Ria,Hamburg,M,623,325-6210,SCOTTSDALE,AZ,85250,M,N,60000,3.645,0,4200,0,17179894708
Rik,Reutenauer,F,701,107-2668,CANNON BALL,ND,58528,M,N,15000,2.1,0,6600,0,17179895124
Riverson,Kamphusmann,F,307,607-4410,HILLSDALE,WY,82060,S,N,30000,0,0,0,0,17179895369
Rix,Gabalda,M,939,798-3596,TOA ALTA,PR,954,S,N,75000,0,0,0,0,17179895425
Roderic,Rosenbohm,M,505,854-7864,SAN RAFAEL,NM,87051,M,Y,90000,5.3,0,6600,3300,17179895783
Roelof,Marwedel,F,281,287-5499,STAPLES,TX,78670,M,N,85000,0,0,0,0,17179895940
Roji,Sweeney,M,520,477-5546,PIMA,AZ,85543,M,***,50000,3.49,0,4200,2300,17179896123
Rolland,Accomazzi,F,567,745-1617,LUCAS,OH,44843,S,Y,45000,2.039795,1300,0,1300,17179896292
Rollins,Nokel,M,205,410-4470,MONTGOMERY,AL,36109,M,N,100000,5,0,3000,0,17179896295
Roman,Gesli,M,419,987-5256,SAVANNAH,OH,44874,S,N,80000,3.2016153,1300,0,0,17179896359
Rosario,Waroquier,M,808,536-5271,NAALEHU,HI,96772,S,Y,95000,8.25,1040,0,1040,17179897120
Ruihua,Picaronny,M,980,874-7952,RURAL HALL,NC,27045,M,Y,75000,7.305944,0,6600,3300,17179898103
Ruiz,Butter,M,337,818-9601,MELROSE,LA,71452,S,Y,70000,6,4500,0,1000,17179898131
Sabyasachi,Greenbaum,F,816,105-1609,NEW LONDON,MO,63459,S,Y,90000,6,2100,0,1200,17179899049
Sadakazu,Danner,F,703,264-1724,KEENE,VA,22946,S,Y,45000,5.75,900,0,900,17179899189
Sadun,Karatsu,F,207,516-4874,EDGECOMB,ME,4556,S,N,45000,8.5,2850,0,0,17179899458
Saida,Ravi,M,808,576-4268,HONOLULU,HI,96827,M,Y,70000,8.25,0,2080,1040,17179899759
Sajee,Bies,F,602,843-5080,TUCSON,AZ,85706,M,Y,15000,2.9475,0,4200,2300,17179899936
Sajid,Tibblin,F,563,813-3632,WORTHINGTON,IA,52078,S,Y,15000,2.479763,40,0,40,17179899953
Sameet,Castellani,F,802,402-3056,EAST FAIRFIELD,VT,5448,S,Y,90000,4.7957172,3300,0,3300,17179900589
Samer,Meszaros,M,304,717-6379,NEW MARTINSVILLE,WV,26155,S,N,25000,4.05,2000,0,0,17179900602
Samira,Weishar,M,787,477-4582,GURABO,PR,778,M,Y,25000,0,0,0,0,17179900694
Samul,Gabalda,F,336,457-1947,SALISBURY,NC,28145,S,Y,95000,7.7255244,3300,0,3300,17179900914
Sarangan,Drenick,F,505,107-7663,SOCORRO,NM,87801,S,Y,25000,5.3,3300,0,3300,17179902255
Sasikumar,Abbas,F,765,696-3677,NEW GOSHEN,IN,47863,M,N,55000,3.4,0,2000,0,17179902526
Saurab,Bober,F,208,825-7560,CLAYTON,ID,83227,S,Y,45000,7.8,3300,0,3300,17179903032
Saverio,Henser,F,907,156-3017,KING COVE,AK,99612,M,N,55000,0,0,0,0,17179903116
Sayori,Ismaeel,M,507,428-1622,HOPKINS,MN,55305,M,N,80000,7.85,w0,6600,0,17179903237
Scarlet,Kloeden,F,734,115-8109,GROSSE POINTE,MI,48230,S,Y,50000,3.9,3100,0,3100,17179903257
Selim,Kang,M,303,667-7793,DENVER,CO,80247,S,Y,65000,4.63,0,0,0,17179903816
Seonghee,Keaton,M,862,144-3107,HOLMDEL,NJ,7733,M,N,25000,1.4788542,0,2000,0,17179904102
Serdar,Farsi,F,520,818-3175,SUN CITY WEST,AZ,85375,M,Y,10000,2.87,0,4200,2300,17179904402
Sergei,Cowen,F,802,773-2461,BENSON,VT,5731,S,N,55000,4.099376,3300,0,0,17179904470
Seunghwan,Gartshore,F,443,670-3266,OXON HILL,MD,20750,S,Y,50000,4.75,2400,0,2400,17179904883
Shahaf,Tuthill,F,401,579-3061,CAROLINA,RI,2812,M,N,15000,0,0,0,0,17179905234
Shahrouz,Deo,M,863,158-2231,ORLANDO,FL,32817,M,Y,20000,0,0,0,0,17179905313
Shalesh,Ghazalie,M,603,573-4300,GOFFSTOWN,NH,3045,M,N,15000,0,0,0,0,17179905596
Shalesh,Tiberghien,M,308,311-9569,WHITECLAY,NE,69365,S,Y,10000,3.9097095,103,0,103,17179905599
Shawn,Oeltjen,M,212,203-7802,NEW YORK,NY,10261,S,N,80000,4.4170732,0,0,0,17179906471
Shekar,Eyrolle,F,978,743-7831,WARREN,MA,1083,M,Y,45000,5.3,0,7150,1000,17179906711
Shelley,Arrabito,F,701,519-2428,RHAME,ND,58651,S,Y,15000,2.1,3300,0,3300,17179906804
Shervin,Demner,F,301,995-3610,EASTON,MD,21601,M,Y,80000,4.75,0,4800,2400,17179907184
Shigekazu,Pils,M,307,323-8755,GROVER,WY,83122,S,Y,20000,0,0,0,0,17179907578
Shigeu,Dondis,M,202,457-9950,WASHINGTON,DC,20241,S,N,45000,9,1370,0,0,17179907714
Shigeyoshi,Hershey,F,415,824-9353,SACRAMENTO,CA,94240,S,Y,95000,9.3,87,0,272,17179907745
Shinichiro,Ghezal,M,406,303-1947,LAME DEER,MT,59043,M,N,30000,6.9,0,3800,0,17179908121
Shinko,Marchegay,F,859,924-5752,BUTLER,KY,41006,S,N,15000,2.6666667,20,0,0,17179908187
Shivi,Carreras,F,585,250-7824,SPRING VALLEY,NY,10977,S,Y,35000,4.1564026,0,0,1000,17179908754
Shivi,Cejtlin,F,432,104-4494,LUBBOCK,TX,79401,M,N,5000,0,0,0,0,17179908772
Shooying,Grospietsch,M,803,633-1538,LITTLE RIVER,SC,29566,M,Y,15000,7,0,6600,3300,17179909221
Shouhuai,Malaveta,M,505,305-5425,SOLANO,NM,87746,S,Y,10000,3.2428572,3300,0,3300,17179909319
Shounak,Barz,F,937,671-2791,CAIRO,OH,45820,M,Y,55000,2.3717437,0,2600,1300,17179909383
Shuji,Adelstein,F,270,966-6984,BURNA,KY,42028,S,N,35000,3.7777777,20,0,0,17179909967
Shun,Uchoa,M,510,276-7741,SEQUOIA NATIONAL PARK,CA,93262,M,N,20000,4.2297716,0,174,0,17179910106
Shun''ichi,Wijayarathna,F,580,102-4820,BLUEJACKET,OK,74333,S,Y,35000,6.25,1000,0,1000,17179910155
Siba,Elhardt,F,307,857-6530,CROWHEART,WY,82512,S,Y,30000,0,0,0,0,17179910532
Sichen,Koppel,M,843,123-5631,COLUMBIA,SC,29229,M,Y,65000,7,0,6600,3300,17179910609
Siddhartha,Bruza,F,856,938-1088,STANTON,NJ,8885,M,N,85000,2.4251041,0,2000,0,17179910684
Sihem,Madanlal,F,708,147-3771,KINGSTON,IL,60145,M,Y,50000,3,0,4000,2000,17179911085
Silvana,Hassin,M,469,308-5172,SPICEWOOD,TX,78669,M,N,55000,0,0,0,0,17179911114
Silvina,Andernach,M,406,180-9561,GARRISON,MT,59731,S,Y,85000,6.9,1900,0,1900,17179911193
Silvina,Georg,M,802,128-8823,WESTFORD,VT,5494,S,Y,85000,4.69624,3300,0,3300,17179911198
Simant,Evershed,M,910,776-9241,BOONE,NC,28607,M,N,55000,6.8863635,0,6600,0,17179911253
Simukai,Borucki,F,561,844-8718,MIAMI,FL,33231,S,N,80000,0,0,0,0,17179911492
Siranush,Iakovlev,F,207,696-2608,SABATTUS,ME,4280,M,Y,40000,8.5,0,5700,2850,17179911642
Sivakumar,Ramaiah,F,318,929-9027,NEW ORLEANS,LA,70181,M,N,55000,6,0,9000,0,17179911854
Sleiman,Manukyan,F,318,896-9726,SHREVEPORT,LA,71106,M,N,45000,6,0,9000,0,17179912141
Somnath,Tawa,M,415,977-6180,COACHELLA,CA,92236,S,N,55000,9.3,87,0,0,17179912769
Souad,Decatur,F,336,804-2874,DEEP GAP,NC,28618,M,Y,30000,6.361888,0,6600,3300,17179913457
Sreekumar,Bassino,F,270,179-8225,LYNNVILLE,KY,42063,S,Y,45000,4.333333,20,0,20,17179914059
Srihari,Lubachevsky,M,415,966-3212,STOCKTON,A,95213,M,Y,5000,1,0,174,272,17179914187
Srilata,Lucic,M,615,794-1178,NEW TAZEWELL,TN,37824,S,N,20000,0,0,0,0,17179914266
Stafano,Lomnicki,M,802,618-5390,SAINT JOHNSBURY,VT,5819,M,Y,20000,3.6,0,6600,3300,17179914523
Stanislas,Farah,F,307,387-7335,WYARNO,WY,82845,S,N,10000,0,0,0,0,17179914664
Stanley,Franckson,M,808,962-7307,KIHEI,HI,96753,M,N,40000,8.25,0,2080,0,17179914704
Stefanos,Himler,M,203,839-5765,BALLOUVILLE,CT,6233,M,N,35000,5,0,24500,0,17179914999
Stefanus,Zheng,M,202,718-9686,WASHINGTON,DC,20310,M,Y,10000,4.5,0,2740,1370,17179915019
Stephanie,Kinoshita,M,971,109-1815,LOGSDEN,OR,97357,M,N,65000,9,0,318,0,17179915273
Suchendra,Bas,F,202,691-6815,WASHINGTON,CD,20314,M,N,10000,4.5,0,2740,0,17179915952
Suely,Hatzimanikatis,F,973,897-7250,CRANBURY,NJ,8512,M,Y,80000,2.34625,0,2000,1500,17179916270
Suhayya,Rufino,F,276,437-5847,ASHBURN,VA,20147,M,Y,40000,5.75,0,1800,900,17179916386
Suman,Lecordix,M,918,172-5198,MCCURTAIN,OK,74944,M,N,30000,6.25,0,2000,0,17179916858
Sumiyasu,Neukirchenr,F,401,121-7898,NORTH KINGSTOWN,RI,2854,M,N,95000,0,0,0,0,17179917035
Sundaresan,Khamisy,F,808,296-3582,HOLUALOA,HI,96725,M,Y,90000,8.25,0,2080,1040,17179917076
Susheel,Scheifler,F,940,328-2269,LUBBOCK,TX,79424,S,Y,100000,0,0,0,0,17179918077
Suzanna,Arbab,M,563,600-8574,ELKADER,IA,52043,M,N,60000,8.98,0,80,0,17179918266
Sven,Kitai,M,312,281-6119,VERMILION,IL,61955,S,N,20000,3,2000,0,0,17179918384
Svend,Colgate,M,775,199-9524,LAS VEGAS,NV,89156,M,Y,45000,0,0,0,0,17179918401
Svetozar,Tavangarian,M,520,516-5626,GOODYEAR,AZ,85338,M,Y,40000,3.335,0,4200,2300,17179918485
Sydney,Earley,M,248,983-3214,MORLEY,MI,49336,S,Y,10000,3.9,3100,0,3100,17179918735
Synnove,Malolepszy,M,505,557-8987,UTE PARK,NM,87749,S,N,25000,5.3,3300,0,0,17179918901
Tadaaki,Bohlen,M,713,579-1070,ROSS,TX,76684,M,Y,5000,0,0,0,0,17179919092
Taishin,Christiansen,M,979,687-2673,AUSTIN,TX,78789,M,N,95000,0,0,0,0,17179919559
Takaaki,Holager,F,301,204-3333,ROCKVILLE,MD,20852,S,N,95000,4.75,2400,0,0,17179919649
Takaharu,Kornatzky,F,307,927-1934,MANDERSON,WY,82432,S,Y,90000,0,0,0,0,17179919692
Tamal,Debackere,M,956,789-5772,COST,TX,78614,S,N,50000,0,0,0,0,17179920516
Tanja,Aritsugi,M,304,856-9972,ORLANDO,WV,26412,S,N,75000,6.5,2000,0,0,17179920857
Taoufiq,Shneerson,F,520,345-4155,PHOENIX,AZ,85086,M,Y,30000,3.1799998,0,4200,2300,17179921057
Tapan,Givaty,M,229,118-1173,UNION CITY,GA,30291,S,N,75000,6,2700,0,0,17179921076
Tarak,Moudgil,M,334,232-2614,CENTRE,AL,35960,S,N,80h000,5,1500,0,0,17179921156
Tareq,Cassaro,F,804,563-2843,BROAD RUN,VA,20137,M,N,50000,5.75,0,1800,0,17179921240
Tatsuie,Gausemeier,M,803,159-6413,COLUMBIA,SC,29225,M,Y,75000,7,0,6600,3300,17179921516
Tatsuji,Beilien,M,425,166-3141,SUMNER,WA,98352,S,Y,90000,0,0,0,0,17179921547
Tatsuro,D''Ambra,M,304,112-4259,HUNTINGTON,WV,25709,M,Y,55000,6.1499996,0,4000,2000,17179921652
Terilyn,Deo,F,406,226-8469,KREMLIN,MT,59532,S,N,20000,6.9,1900,0,0,17179922350
Teruko,Dolins,F,402,107-7998,LINCOLN,NE,68501,M,Y,20000,5.685643,0,206,103,17179922683
Teruo,Berqvist,F,202,609-7964,WASHINGTON,DC,20541,S,Y,25000,7.875,1370,0,1370,17179922743
Thao,Keustermans,M,302,670-8541,REHOBOTH BEACH,DE,19971,M,N,15000,2.8818183,0,220,0,17179923214
Thorsten,O''Young,F,626,804-5696,SAN JOSE,CA,95194,S,Y,70000,9.3,87,0,272,17179923930
Tianji,Boudaillier,M,940,117-2423,POTTSVILLE,TX,76565,S,Y,70000,0,0,0,0,17179924165
Tianruo,Jayawardene,M,208,888-4376,OLA,ID,83657,M,Y,85000,7.8,0,6600,3300,17179924219
Tihomir,Hallam,M,757,124-8609,VIRGINIA BEACH,VA,23454,S,N,50000,5.75,900,0,0,17179924359
Timbur,Collaud,M,256,552-8670,ECHOLA,AL,35457,S,Y,20000,5,1500,0,300,17179924559
Tiow,Litvinov,F,785,520-9457,OLATHE,KS,66062,M,N,10000,3.5,0,4500,0,17179924960
Tjalling,Smetana,M,641,776-6295,FARMERSBURG,IA,52047,S,N,60000,8.98,40,0,0,17179925118
Tohgoroh,ohn,M,337,420-4193,MARION,LA,71260,M,N,7000,6,0,9000,0,17179925292
Tohru,Quimby,M,435,726-7926,CANNONVILLE,UT,84718,S,Y,25000,7,2475,0,2475,17179925306
Tomoya,Balaguer,F,732,283-8716,SOUTH ORANGE,NJ,7079,M,Y,30000,1.5577083,0,2000,1500,17179925876
Toneluh,Piveteau,F,609,108-9576,TEANECK,NJ,7666,S,Y,65000,2.1096876,1000,0,1500,17179925950
Tucker,McDaniel,F,571,261-5642,ELKTON,VA,22827,M,Y,40000,5.75,0,1800,900,25769804528
Tuvi,Setubal,F,202,319-8553,WASHINGTON,DC,20029,M,Y,20000,6.75,0,2740,1370,25769804848
Tuyen,Urponen,M,234,167-7279,NEW CONCORD,OH,43762,S,Y,85000,3.36759,1300,0,1300,25769804892
Tzee,Herder,M,406,778-8381,GREAT FALLS,MT,59405,S,N,60000,6.9,1900,0,0,25769805121
Tzvi,Blumenthal,F,351,751-2397,ALLSTON,MA,2134,M,Y,75000,5.3,0,7150,1000,25769805244
Uli,McCabe,F,724,428-7253,ALLENTOWN,PA,18102,S,Y,20000,3.07,0,,0,25769805667
Ult,Pintelas,F,660,364-1783,FLORISSANT,MO,63034,M,Y,80000,6,0,4200,1200,25769805830
Uminder,Erbe,F,208,748-7352,HOMEDALE,ID,83628,M,Y,85000,7.8,0,6600,3300,25769805964
Ursula,Lindgren,M,731,513-2191,MEMPHIS,TN,38128,S,Y,20000,0,0,0,0,25769806295
Utpal,Brazile,M,954,475-7105,BRANDON,FL,33509,M,N,90000,0,0,0,0,25769806432
Vaggelis,Manukyan,M,985,588-3915,SHREVEPORT,LA,71106,M,N,95000,6,0,9000,0,25769806639
Vaidy,Feltelson,F,573,591-4813,EARTH CITY,MO,63045,M,Y,90000,6,0,4200,1200,25769806706
Van,Cords,F,605,240-5507,DALLAS,SD,57529,M,Y,15000,0,0,0,0,25769807143
Vania,Cichon,F,207,820-2457,WEST POLAND,ME,4291,M,N,25000,8.5,0,5700,0,25769807226
Vassos,Balbin,M,682,990-5627,CEE VEE,TX,79223,S,***,40000,0,0,0,0,25769807648
Veda,Gilleron,F,603,535-1151,TROY,NH,3465,M,N,65000,0,0,0,0,25769807813
Veda,Bank,F,339,854-8460,HANOVER,MA,2339,M,N,5000,5.3,0,7150,0,25769807819
Venkatram,Ehrenberger,M,580,468-5787,TULSA,OK,74126,S,Y,80000***,6.25,1000,0,1000,25769808136
Vern,Lahner,F,206,130-2823,EASTON,WA,98925,S,N,35000,0,0,0,0,25769808313
Veronica,Pardalos,F,702,169-1856,SILVERPEAK,NV,89047,M,Y,15000,0,0,0,0,25769808349
Veroniek,Kotidis,F,360,903-4890,COUGAR,WA,98616,S,N,75000,0,0,0,0,25769808372
Vesselin,Klutke,F,603,123-8043,FREEDOM,NH,3836,M,Y,90000,0,0,0,0,25769808485
Viiveke,Sanderson,F,207,875-4455,BRADFORD,ME,4410,M,N,25000,8.5,0,5700,0,25769808809
Vishal,Nikovski,F,513,513-8948,NEW CONCORD,OH,43762,S,N,20000,1.2099231,1300,0,0,25769809789
Vishwa,Rhee,F,608,924-8693,GILMAN,WI,54433,M,Y,85000,5.9232907,0,1400,400,25769809870
Vit,Grass,F,816,728-5094,FAIRVIEW,MO,64842,S,Y,30000,6,2100,0,1200,25769810014
Vladislav,Gazdar,M,225,961-3687,BORDELONVILLE,LA,71320,S,Y,30000,6,4500,0,1000,25769810459
Wamberto,Govers,F,860,743-9667,KENT,CT,6757,M,N,35000,5,0,24500,0,25769811433
Wanjiun,Schlattmann,M,573,180-7479,WALKER,MO,64790,M,Y,60000,6,0,4200,1200,25769811526
Weicheng,Raney,M,787,589-6343,SAN JUAN,PR,907,M,Y,45000,0,0,0,0,25769811998
Weicong,Skeie,M,907,426-6941,FORT YUKON,AK,99740,S,Y,30000,0,0,0,0,25769812014
Weiming,Leigh,F,757,705-3005,MANASSAS,VA,20109,M,N,75000,5.75,0,1800,0,25769812232
Weiping,Himsholt,M,907,828-5903,ANCHORAGE,AK,99524,M,N,50000,0,0,0,0,25769812288
Wellington,Thenmozhi,M,336,804-9495,WILMINGTON,NC,28411,M,Y,50000,6.7814684,0,6600,3300,25769812480
Wenhua,Ryslinkova,F,435,208-1447,SCIPIO,UT,84656,S,N,75000,7,2475,0,0,25769812745
Wenlong,Lovengreen,M,971,908-1582,CAVE JUNCTION,OR,97523,M,N,20000,9,0,318,0,25769812905
Wensheng,Theel,F,513,511-3771,LOCKBOURNE,OH,43194,S,N,5000,0.712,1300,0,0,25769812944
Wenyi,Tahar,F,302,964-6271,WILMINGTON,DE,19806,S,Y,45000,4.927273,110,0,110,25769813035
Wes,Granlund,F,785,343-2375,LURAY,KS,67649,S,N,65000,6.45,2250,0,0,25769813202
Will,Pirenne,F,608,108-7101,LAKE MLILS,WI,53551,S,Y,10000,4.620155,700,0,400,25769813898
Willibald,Gosel,M,410,302-5968,EAST NEW MARKET,MD,21631,M,Y,45000,4.75,0,4800,2400,25769814080
Winfried,Fokkink,M,501,275-8568,WARREN,AR,71671,M,N,50000,7,0,40,0,25769814328
Wladyslaw,Cavendish,F,567,887-5644,GREENTOWN,OH,44630,M,N,15000,1.0439488,0,2600,0,25769814533
Wolfgang,Thiem,M,314,206-5646,LURAY,MO,63453,S,Y,90000,6,2100,0,1200,25769814727
Wujia,Vaisey,M,812,578-8426,LA PORTE,IN,46350,M,Y,70000,3.4,,2000,1000,25769815130
Xiangyang,Sloman,M,830,395-7224,SCOTTSVILLE,TX,75688,S,Y,25000,0,0,0,0,25769815576
Xiaolin,Kogure,M,402,503-3346,CREIGHTON,NE,68729,M,Y,90000,6.84,0,206,103,25769816177
Xiaoxiong,Klimov,M,804,826-6470,VILLAGE,VA,22570,S,N,30000,5.75,900,0,0,25769816599
Xingbin,Kawagoe,M,304,403-8842,GRANT TOWN,WV,26574,M,N,50000,5.8,0,4000,0,25769816925
Xinyao,Roncato,F,310,700-2719,PINE VALLEqY,CA,91962,S,N,80000,9.3,87,0,0,25769817108
Xuding,Soderlund,F,563,284-8368,EARLY,IA,50535,S,Y,35000,5.567322,40,0,40,25769817444
Xuhua,Anson,F,339,677-4164,WOBURN,MA,1801,M,Y,50000,5.3,0,7150,1000,25769817679
Yaakov,Ferriere,F,202,637-5692,WASHINGTON,DC,20097,S,Y,45000,9,1370,0,1370,25769817756
Yahong,Porkaew,F,910,219-2062,STEM,NC,27581,M,Y,70000,7.201049,0,6600,3300,25769818050
YaLing,Jaklic,F,515,288-6055,CEDAR RAPIDS,IA,52498,M,Y,100000,8.98,0,80,40,25769818254
Yanis,Scherberger,F,401,405-4055,WOONSOCKET,RI,2895,M,Y,85000,0,0,0,0,25769818568
Yao,Zelesnik,F,443,779-4100,POCOMOKE CITY,MD,21851,S,N,40000,4.75,2400,0,0,25769818901
Yasuharu,Providence,M,301,516-7997,ELK MILLS,MD,21920,S,N,25000,4.75,2400,0,0,25769819321
Yasuichi,Sereno,M,859,740-5321,OWINGeSVILLE,KY,40360,M,Y,30000,3.5,0,40,20,25769819342
Yasuyuki,Parris,M,802,686-3129,NORTH CONCORD,VT,5858,M,N,50000,3.9998987,0,6600,0,25769819551
Yasuyuki,Gurr,M,708,440-5472,CARLINVILLE,IL,62626,M,N,35000,3,0,4000,0,25769819558
Yehudit,Chuah,M,712,830-7603,POMEROY,IA,50575,S,N,75000,8.98,40,0,0,25769819876
Yichiang,Mittasch,M,208,555-5008,ROGERSON,ID,83302,M,Y,5000,2.6903439,0,6600,3300,25769820350
Yichiang,Kaushik,M,571,412-6269,CENTER CROSS,VA,22437,M,N,20000,57.5,0,800,0,25769820358
Yigit,McIlraith,M,843,482-1332,EDGEFIELD,SC,29824,M,Y,90000,7,0,6600,3300,25769820460
Yijie,Moorman,F,802,398-4339,EAST MONTPELIER,VT,5651,xS,N,75000,4.4972854,3300,0,0,25769820540
Yimeng,Vosburgh,F,803,141-8300,SIMPSONVILLE,SC,29681,M,Y,15000,7,0,6600,3300,25769820691
Yimeng,Brainerd,F,301,102-2110,AVENUE,MD,20609,S,N,45000,4.75,2400,0,0,25769820693
Yinghua,Menczer,M,904,549-3564,TARPON SPRINGS,FL,34688,M,N,35000,0,0,0,0,25769820847
Yingping,Redon,F,469,496-1253,ARGYLE,TX,76226,M,Y,100000,0,0,0,0,25769820909
Yiwan,Milgram,M,503,605-1000,SALEM,OR,97304,M,N,75000,9,0,318,0,25769821178
Ymte,Lafond,M,505,628-8004,CHACON,NM,87713,S,Y,40000,5.3,3300,0,3300,25769821398
Yongkyun,Schmies,M,937,470-5550,AMLIN,OH,43002,S,Y,15000,1.0493488,1300,0,1300,25769822168
Yordan,Loyot,F,860,313-6629,STAMFORD,CT,6920,S,N,85000,5,12750,0,0,25769822517
Yoshiaki,Kohda,F,267,649-8797,MIDDLEBURG,PA,17842,M,N,100000,3.07,0,0,0,25769822642
Yoshiko,Freburger,M,401,746-1051,JAMESTOWN,RI,2835,M,Y,40000,0,0,0,0,25769822833
Yosuke,Acil''diev,F,276,680-1827,SUSSEX,VA,23884,M,N,20000,5.75,0,1800,0,25769823251
Youpyo,Klingspor,F,701,740-6251,DAZEY,ND,58429,S,N,85000,2.7410512,3300,0,0,25769823695
Youquan,Schefe,M,574,955-1658,INDIANAPOLIS,IN,46227,M,Y,30000,3.4,0,2000,1000,25769823706
Yudell,Lorho,M,304,423-7026,EAST BANK,WV,25067,M,Y,5000,3,0,4000,2000,25769824057
Yukari,Messeguer,F,406,428-4750,FROID,MT,59226,M,Y,95000,6.9,0,3800,1900,25769824674
Yukihiro,Lovis,M,559,610-7665,SACRAMENTO,CA,94259,M,N,85000,9.3,,174,0,25769824759
Yukiko,Itschner,M,484,919-4932,BATH,PA,18014,S,N,50000,3.07,0,0,0,25769824807
Yusuke,Rettelbach,M,304,294-6579,PAW PAW,WV,25434,S,N,35000,4.75,2000,0,0,25769825657
Yuuichi,Heylen,M,636,695-2712,ELSBERRY,MO,63343,M,N,55000,6,0,4200,0,25769825719
Yuzhuo,Siegl,M,409,389-3112,MOSCOW,TX,75960,M,Y,100000,0,0,0,0,25769825874
Yuzo,Rabagliati,F,319,900-6193,CRESTON,IA,50801,S,N,50000,7.8829904,40,0,0,25769825895
Yuzuru,Erde,M,414,613-4671,ELROY,WI,53929,S,N,95000,6.097042,700,0,0,25769825941
Zachary,Graft,F,802,224-7850,WEST DUMMERSTON,VT,5357,S,N,95000,4.8951945,3300,0,0,25769826093
Zahia,Swiler,F,907,110-6684,EKWOK,AK,99580,S,N,500,0,0,0,0,25769826180
Zane,Standing,F,701,283-4044,PEKIN,ND,58361,M,Y,30000,2.1034775,0,6600,3300,25769826343
Zbigniew,Matteucci,M,706,310-7952,BONAIRE,GA,31005,M,Y,60000,6,0,5400,3000,25769826475
Zeng,Twardowski,F,443,279-2313,ROCK HALL,MD,21661,M,Y,10000,4.75,0,4800,2400,25769826739
Zhanqiu,Frisch,F,775,565-4096,LAS VEGAS,NV,89146,M,N,25000,0,0,0,0,25769826975
Zhaohua,Steketee,M,314,998-1849,META,MO,65058,M,Y,90000,6,0,4200,1200,25769827030
Zhibiao,Thamm,F,309,531-6483,RIO,IL,61472,S,N,50000,3,2000,0,0,25769827464
Zoltan,Terwijn,M,808,372-6227,KUNIA,HI,96759,S,Y,90000,8.25,1040,0,1040,25769828928
Zubair,Selenyi,M,662,938-3031,JACKSON,MS,39235,fS,Y,40000,5,6000,0,1500,25769829195
Zuoquan,Zwarico,M,352,608-4523,SAINT AUGUSTINE,FL,32086,M,Y,40000,0,0,0,0,25769829256
